{"cameraMode":{"drawMode":0,"name":"Shaded","section":"Shading Mode"},"sceneLighting":true,"audioPlay":false,"sceneViewState":{"m_AlwaysRefresh":false,"showFog":true,"showSkybox":true,"showFlares":true,"showImageEffects":true,"showParticleSystems":true,"showVisualEffectGraphs":true,"m_FxEnabled":true},"in2DMode":false,"pivot":{"x":-35.1264533996582,"y":-1.7100944519042969,"z":-0.07310912758111954},"rotation":{"x":-0.27392926812171938,"y":-0.04700305685400963,"z":0.013436597771942616,"w":-0.9605403542518616},"size":25.93831443786621,"orthographic":false}