{"cameraMode":{"drawMode":0,"name":"Shaded","section":"Shading Mode"},"sceneLighting":true,"audioPlay":false,"sceneViewState":{"m_AlwaysRefresh":false,"showFog":true,"showSkybox":true,"showFlares":true,"showImageEffects":true,"showParticleSystems":true,"showVisualEffectGraphs":true,"m_FxEnabled":true},"in2DMode":false,"pivot":{"x":-1.2477331161499024,"y":1.7415374517440797,"z":0.36999988555908205},"rotation":{"x":-0.20435285568237306,"y":-0.011182457208633423,"z":0.0022276253439486028,"w":-0.9788728356361389},"size":18.210254669189454,"orthographic":false}