{"cameraMode":{"drawMode":0,"name":"Shaded","section":"Shading Mode"},"sceneLighting":true,"audioPlay":false,"sceneViewState":{"m_AlwaysRefresh":false,"showFog":true,"showSkybox":true,"showFlares":true,"showImageEffects":true,"showParticleSystems":true,"showVisualEffectGraphs":true,"m_FxEnabled":true},"in2DMode":false,"pivot":{"x":565.2183227539063,"y":330.63494873046877,"z":64.42124938964844},"rotation":{"x":-0.019808070734143258,"y":-0.0054015470668673519,"z":0.00010727814515121281,"w":-0.9997900128364563},"size":726.4325561523438,"orthographic":false}